customer_id,name,email,address
1,Erin Boyle MD,erin.boyle.md@example.com,"165 Brown Springs
Michaelport, IL 60228"
2,Matthew Saunders,matthew.saunders@example.com,"219 Steven Mountains
Port Gabriellafort, OH 52281"
3,Amanda Anderson,amanda.anderson@example.com,"498 Laurie Glens
Mitchelltown, CT 93655"
4,Julian Butler,julian.butler@example.com,"909 Rodriguez Harbors Suite 119
New Tracyburgh, MS 15487"
5,Zachary Mitchell MD,zachary.mitchell.md@example.com,"9087 Matthew Drives
Caitlynshire, OR 42442"
6,Troy Bennett,troy.bennett@example.com,"73329 Kimberly Loaf Apt. 029
Shellyborough, TX 55939"
7,Allison Hall,allison.hall@example.com,"210 Shannon Camp
New Michael, MO 65990"
8,Carolyn Davis,carolyn.davis@example.com,"64228 Carol Courts Suite 087
New Micheleshire, MT 42516"
9,Cindy Munoz,cindy.munoz@example.com,"1722 Christine Plaza
Danielport, UT 12261"
10,Tom Testuser,tom.testuser@example.com,"451 Victoria Bridge Suite 529
Pageton, WI 27404"
11,Charles Walker,charles.walker@example.com,"2077 Lamb Drive
Salazarton, IN 54619"
12,Brianna Molina,brianna.molina@example.com,"586 Khan Mills Suite 202
Lake Dominique, VA 98527"
13,Austin Andrade,austin.andrade@example.com,"4857 Donna Cliffs
Floydstad, PR 82540"
14,Brandon Andrade,brandon.andrade@example.com,"906 Olivia Motorway
Kelleyfort, AK 48960"
15,Diane Lam,diane.lam@example.com,"070 Eric Rapid Suite 159
Townsendbury, MI 57664"
16,Jason Kelly,jason.kelly@example.com,"873 Angela Track Apt. 972
Stephenville, NV 32705"
17,Mr. Mitchell Saunders,mr..mitchell.saunders@example.com,"USS White
FPO AE 91058"
18,Regina Ross,regina.ross@example.com,"91857 Wendy Place
East Charlesshire, CA 43705"
19,Mrs. Denise May DDS,mrs..denise.may.dds@example.com,"64590 Kathleen Cove Apt. 736
Derrickton, AK 05935"
20,Lisa Boyle,lisa.boyle@example.com,"USNS Russell
FPO AE 51528"
